2025-03-10 15:45:35.517155,2025-03-10 15:45:35.516841,58,VNQR&$&E%OouHuN,1f14f0ab99562539dfb9a0bb8ac2cebc0ec22f4dbb3ebe6ebf17185d79d72278
2025-03-10 15:45:36.519884,2025-03-10 15:45:36.518516,18,Gbz$Ln#yoUQx,ed622d7e4c0bd1d51f7c8c942296726540ffb93c0817982b7661c6b6170fb670
2025-03-10 15:45:37.523068,2025-03-10 15:45:37.521804,74,b&JKs&lqBL#KJIG#,dabd3a2c4f180b4f10bd7c3c2a934d844cf60b1925e6c7f6d34c840d3a25b022
2025-03-10 15:45:38.530153,2025-03-10 15:45:38.528886,38,XA&$os#A$xB#$r#OJ#%,a82a99a1c2567039c78bcf1c29508e8bb1d05ec87b76702dea8abe453fcf1699
2025-03-10 15:45:39.536502,2025-03-10 15:45:39.535313,84,J%M&wcBMJ%P#,eb5a24da45459afae66b36b6325ce64e8de4617a0a965d9ca1692cfbd3baf7d5
2025-03-10 15:46:00.526646,2025-03-10 15:46:00.526378,84,#$E%V&F$d&$$CjWI%Fzv,3002bf45290889bd9eabc553138eefb05cd034a7d9780b25a8834d1cea1ee593
2025-03-10 15:46:01.529293,2025-03-10 15:46:01.527987,12,ZRUv$$i#zb#B&gmzEF,e722353a16bf4f848ffe1409ab7202e5d488b6306a18cd9748c2071c41959f2b
2025-03-10 15:46:02.532572,2025-03-10 15:46:02.531054,24,vBGQqQ%Y$#%Whvt$,6987d69542b9550112fbba3f52b9cc0ce0b38d87f005d6baaccea03d10930956
2025-03-10 15:46:03.539734,2025-03-10 15:46:03.538334,65,UL#pJ$Vm#Nu,584a8ee074cac93b75234dc0ba52139c481eea216e0f42a0c69df568c44aaf44
2025-03-10 15:46:04.547024,2025-03-10 15:46:04.545589,11,W$UFb#sIV%$jGu,655b3b099821c48047e67116a4cd83c2f684ac9406b283ee8c86408722348224
2025-03-10 15:46:05.550631,2025-03-10 15:46:05.549208,52,$$JWBSm#i#F%R,c2c872e554f4a74ff0d0ea2a9c18338f6bb4a6af921732180cccbee6120da7ff
2025-03-10 15:46:06.557670,2025-03-10 15:46:06.556460,48,#iD#i#Z&hV,ca7ffffbf81903971940c13cad1f87e8047e2eb0252730555835ca7d168bf729
2025-03-10 15:46:07.564659,2025-03-10 15:46:07.563393,82,P#%D%Bd&&#Q#jl&h&V,50ea9caa4ab12ea2409479e321d42be9e37f1b092509361556561662529f6646
2025-03-10 15:46:08.571672,2025-03-10 15:46:08.570415,63,UfpIBd$&lVzEHmN,56c512c0f2044797e5b82a557c45e05be7237c1654cbd701b5a1e711e5555502
2025-03-10 15:46:09.577867,2025-03-10 15:46:09.576468,17,#$%hnZoygu$,ceb8d22c6e66d79914ca730b77b8daa4a8ec898070f92218a814978e55b1bb43
2025-03-10 15:46:10.582761,2025-03-10 15:46:10.581338,75,&fdG##&Uj&bIWI,679670877aeb22ee302eefa8ab6f2c52db8697f45247f1e248dee56432f39ab6
2025-03-10 15:46:11.589485,2025-03-10 15:46:11.588302,67,%%mkZ#mS&et&gdJy%fw,ee55b02734ff325733e4fcc9d7a54faf35ad788ffec3eb4dcf4d9367f3ba2c86
2025-03-10 15:46:12.595578,2025-03-10 15:46:12.594370,54,Fu#IIvV$x$&,67d3474f932442af17da4e232aa483d17ed101dd7f9f9870190fb572bbbd4e3a
2025-03-10 15:46:13.601221,2025-03-10 15:46:13.600349,68,pujyLnQFtDgb,b9fd3ebe5639cada8f840b9b0da4a293be9df1ebb01dc23501eabc18f57cbbf9
2025-03-10 15:46:14.607597,2025-03-10 15:46:14.606377,55,#u$HyP$jJrNbcsjkvuL&,40e958ea374eca7f22101ccffacd2ac022b267b3ee6fcfe31972373be6df13f1
2025-03-10 15:46:15.614469,2025-03-10 15:46:15.613293,80,%O%#QhGJ#q#,891ff6f5b1e624566995f92899d03574878c73c2d88752d500d91e566e8d16ea
2025-03-10 15:46:16.618775,2025-03-10 15:46:16.617607,83,zrjRE%&&Oht,20c719e01d87c9e814e573b13b2c746f173909c2c593ab78f5091dee91a901c7
2025-03-10 15:46:17.626011,2025-03-10 15:46:17.624478,51,XNIMpdCHy&IWofkm#r,139932e2274403bb9d3c221739b38de2d7f31025949a6831ebf6bc95b82b42f2
2025-03-10 15:46:18.633090,2025-03-10 15:46:18.631830,65,uTPUvvU#Dc#,334a9cdcd2b9c1ef3742b7ebadbccd3215dcc6ae71be8eb62ef80067df79f1e3
2025-03-10 15:46:19.639615,2025-03-10 15:46:19.638359,69,u#yQR%BzPv#Es&y%&%,ddf36dc695bb2379c0872256020f6a4533f32405c7587170f142d7fb68333103
2025-03-10 15:46:20.646642,2025-03-10 15:46:20.645299,52,cjqoR&XHMobj,db55a684ca90df782d843e448d346d0afc35d56422b288681b31fa118ef89130
2025-03-10 15:46:21.653641,2025-03-10 15:46:21.652445,85,bVAi$M$bJY&&y$,672d8846b603fdd0587928c5897b769bb009b1560e94f0fd47aa2d63684f35a1
2025-03-10 15:46:22.657078,2025-03-10 15:46:22.655892,14,$%w$#jA&AfJ#%fe#MIt,e384b9fa1b7067c2a6fd456dc7a59f8ac59066333805c05b3d7dec62695cf3e4
2025-03-10 15:46:23.664314,2025-03-10 15:46:23.662871,15,Sb%j#lO#jZ#%%,35b25396a0b8ad1d34a458e1c1e71c69b089dfc9080715d2eeed1737042188b7
2025-03-10 15:46:24.671453,2025-03-10 15:46:24.670137,10,d#%F#%xcnmISGn&Vzfm,e189a60255dff9863405b564e2093ec5e3f5ea9177a77324115094db28bb93b7
2025-03-10 15:46:25.675882,2025-03-10 15:46:25.674445,5,ifN#$bHt&$OFxzP,1ef41901d4866db3c7246f422e6a1d1e163dcad9f682a31c6a828ee8f91fe930
2025-03-10 15:46:26.682972,2025-03-10 15:46:26.681664,16,y##zNWrTiYMyZC%aabw,1deb80f57209dea53bc2e47c777c8c67cb202cfbfcd7619e0179c2779ce32ddd
2025-03-10 15:46:27.690221,2025-03-10 15:46:27.688730,84,%#wBvY#ylpa#VQ&,5b310ea5f7e4840e4958554851a9a460ab741e047859d998fce59e98993fb571
2025-03-10 15:46:28.696697,2025-03-10 15:46:28.695468,5,%##Lk%Dz%%,2b29a2bdc7fccb35273e09617da4d5cc3d3f0e42e24ad6a9b42774d238c40e8d
2025-03-10 15:46:29.703581,2025-03-10 15:46:29.702340,15,LWrCP#nIgVk%IQDh&u,ab7d5f7973f772a04a1e7b56a4f1ee938d2856002ee8b270926b32b401d1b0b9
2025-03-10 15:46:30.710804,2025-03-10 15:46:30.709333,72,Wp$hxZk&#$S##aCBw,566cdfa27096e422e7d14aa2d8931eb6ee395b72b1a792efb1fe334c8b32d54c
2025-03-10 15:46:31.718074,2025-03-10 15:46:31.716651,38,Cpn&AAjehq,05d1df3e6f3b0628113ae071e1c73759ddf79cbc2c1d71c1a6fc9d625c9acae3
2025-03-10 15:46:32.725187,2025-03-10 15:46:32.723920,18,%FP&mm$&#r&U$$S&,76a6696de96b2f095e4b0ea24553c5c2bc413ef1db8b3fefb20d347237b7fb61
2025-03-10 15:46:33.732225,2025-03-10 15:46:33.730878,43,t&%H&BgE%n%#,71ff3cd02d892b7690e567e20376befab20d3eae20543ec23972acc280c14b86
2025-03-10 15:46:34.739148,2025-03-10 15:46:34.737955,37,UBx&$$mpMnRigXA,dd96569d3dc627eff133ad94eee4338511d4d854ca3e2ff744aaab98ba1e16ad
2025-03-10 15:46:35.745684,2025-03-10 15:46:35.744373,55,zVHeSxcxX#FdnK$&q$BX,2ca3ac4f6e358cc4ed286b8aef4d4c54167a6ac5b09fe3d50254076b50140045
2025-03-10 15:46:36.751547,2025-03-10 15:46:36.750391,26,J&K$c&#bIPwF$e%Aq,fbfe22d9c970260ecfdc7881e0cc4763c4b8111572e4f858c3b3e775969d6a4a
2025-03-10 15:46:37.757542,2025-03-10 15:46:37.756380,45,##Xpy&Yi#%iHnn,444f66448b09fe76666f2c2a81e8d92dec9e5b517b7d121769688da4d061d37b
2025-03-10 15:46:38.763957,2025-03-10 15:46:38.762477,53,pY#$cA$r%%D&K&i,49c9cf1256568f0dfc040df0ce58e8d406c801e7c0e2abd42b10869e6bf26079
2025-03-10 15:46:39.771353,2025-03-10 15:46:39.769829,45,%K%Aq$C%&dvA#%YK#&Gg,1eaa5ded7038044289a6787b2028ef19ed9ff2781407880dbd2be1d47817dac9
2025-03-10 15:46:40.778605,2025-03-10 15:46:40.777174,86,ytt%XiD%&he&ZuQ,8d8bf5d624d52e045eb6ada34c486d08220a950b6707a13ad325ab5a6bf50540
2025-03-10 15:46:41.785749,2025-03-10 15:46:41.784369,15,zNJ$xsLZEMgJ$$L%#,66011bd64114d9ce12968cff0f1f335a5b67faad6d2c474962b7504cfcde64c3
2025-03-10 15:46:42.792419,2025-03-10 15:46:42.790982,32,$VhPjhb#r%xY,ae0022b438d9fbeb24d53552ef58ae5fe5520457b7c1a74b06800829b79e0574
2025-03-10 15:46:43.799665,2025-03-10 15:46:43.798217,34,V$&N$B%$H$h,8269b04a755e44d27297a15790e776e7961f0ca3aec2bf68f318b12d2702bedd
2025-03-10 15:46:44.805967,2025-03-10 15:46:44.805350,73,AwZut$G$Nfm,3849519d57e9a75a3bbd95ce6377c9b2e21a7860072dd94f17729233edf50ab7
2025-03-10 15:46:45.811589,2025-03-10 15:46:45.810147,67,X&f&YliHu$&JN#$#,a1b99fbdc942457096fdb323dd3f331a7f652bf86255049a32ae63a6310e2784
2025-03-10 15:46:46.817897,2025-03-10 15:46:46.816492,53,q#T&$Fhx%V,f73658b55050015fdd42dc9593ecb76cbc2ffe44eeca9c28e09b6a167dba7448
2025-03-10 15:46:47.825164,2025-03-10 15:46:47.823800,3,KW#sAivJ%V&#,b3a2cc6a9f505da19d756afe5267e3d3eadcaae2287c9b55202b3ce7876bfd66
2025-03-10 15:46:48.832595,2025-03-10 15:46:48.831060,50,Z%sasJBfkON%Dyxok,cc32b0ac2c955cfdf6b596455c4b38fd1834fe29913a59f2b36e2eaa96913c15
2025-03-10 15:46:49.839660,2025-03-10 15:46:49.838450,54,$#%$tvqiBR%VbJym$,e78d4d39b63d74b80c3529819f44c4b35b954d59d223be775d496cf096b15304
2025-03-10 15:50:48.808023,2025-03-10 15:50:48.807744,47,$Dq%hP&V&kySj$h#D&,3434196bd0a02218c2f6ee7bd2a762d41aebcc38984795f0d0c2c6cf204d2814
2025-03-10 15:50:49.809916,2025-03-10 15:50:49.808477,23,Qz$$Tfl&nD&cC#&XJl$,a4c66c8c3fca542f315bd1bf44dc3c783096ef446443d1fd801517e93fca2d85
2025-03-10 15:50:50.812791,2025-03-10 15:50:50.811473,42,hmKIRnk%I$U%$$Uv$,84aa60aee10d666c5c2999bb8123bfb098c2201064822401e85fb1baefd7a5fd
2025-03-10 15:50:51.819558,2025-03-10 15:50:51.818373,16,#eu%A$#n%k%#&,3161ff09a9a68e830f9cb40eceefef02b374673441734a98bc9e0a76f685f300
2025-03-10 15:50:52.826501,2025-03-10 15:50:52.825311,15,v#q%FPLJ#XV$xA,5cd49fb3712a9cc4da5fd25f8370919bb9a2c32794f9a1d8ac195ebf840769e9
2025-03-10 15:50:53.832641,2025-03-10 15:50:53.831439,4,aiOdEcn%PX&H,d317bddd2570a5decd6ca6a6c15d35419fc721835f550940dd008bb2717613fa
2025-03-10 15:50:54.839644,2025-03-10 15:50:54.838322,26,f&%$LjzfSrn,caacc1d4cd95388ae8c0729b0e4646db79a89c2175463330ace03d0f00bd1587
2025-03-10 15:50:55.845598,2025-03-10 15:50:55.844458,9,oU#XH&$%P%$,472c87c33a4b96abd5f440977b2771e178ec0afa5e1a98f90ffcfef90dd148f0
2025-03-10 15:50:56.851586,2025-03-10 15:50:56.850345,87,SPVQ$V#tR#n#$D$YP&$x,09dceb676f65e91ac0a80b0b564664c8a22fd2753af957a122811373aca54a14
2025-03-10 15:50:57.858605,2025-03-10 15:50:57.857224,22,&GUiJ%Err$#a$O%c,01b53e83ca10aa32237f3e139e27efbdd159f99c930ab1282b7ee10b0d1cf8d7
2025-03-10 15:50:58.863661,2025-03-10 15:50:58.863331,36,IZO$$Fy#M%cU$e,2ee658c26bfa3cf3b3b18ca856967226940ad2ad3a968ea685b32371791826c1
2025-03-10 15:50:59.869356,2025-03-10 15:50:59.868353,63,$$Me%eHhItPh$JC%%ox,c2b5a3c4dc865028ed240a0c467cc2dce758c59c5a0521fe95d25e1f1efa8369
2025-03-10 15:51:00.876323,2025-03-10 15:51:00.875048,81,%%#FzLwWnw%Idxs,4fe89674cd64d80a355556deead7c26d48348a13f4e5d4bf56227037df42898e
2025-03-10 15:51:01.882719,2025-03-10 15:51:01.881388,84,F#G%Pkmv#M&&$Vjhw,88f8f1614dde595096c59e77ffe01cf1ec288ce947416433aeca209d9ffa7c53
2025-03-10 15:51:02.889549,2025-03-10 15:51:02.888455,11,I&HLGSFwCFN$,72dec6525c8b2b589dbea557f747839c1781c5ddf068b194aa613791df601644
2025-03-10 15:51:03.895777,2025-03-10 15:51:03.894379,28,h&tdItuWn%&cIg#,c6dd8abe91d3b185c9765d1f9cea2f42594d1b796543e15906f92150d0646283
2025-03-10 15:51:04.902527,2025-03-10 15:51:04.901296,52,UOr$e#myoOKr$f&Kz,7a4ebfd4edb07b79a96af37eb774b0665824a74d1e8415f0761daec0a35665f6
2025-03-10 15:51:05.908556,2025-03-10 15:51:05.907310,56,%Nr$%&o$&$xn$bdj%C&,02be697f511460187ff1d1896acd90ac8dc61bd6178e1bef7777e47722cbe9c7
2025-03-10 15:51:06.914648,2025-03-10 15:51:06.913456,34,a%#ke#o%M%D,1436e9f4eabd03767519b46a42cb2d11c9e6c5dccd816b2d5edac32c3a70815a
2025-03-10 15:51:07.921544,2025-03-10 15:51:07.920348,35,$$v%CmKr&%D#C,2b7d36f2fa285edcbe4834e35da2e8e8bc6ee161b5fd28c4cd3be20fea06ad53
2025-03-10 15:51:08.923428,2025-03-10 15:51:08.922201,69,aAuxz%VNzOL#Jf$bt,9d1dd44dcd092057293419260e4e7ef59e55845445f8e6f64e733fadd6061ee8
2025-03-10 15:51:09.930466,2025-03-10 15:51:09.929121,33,dqm%vEf#JSL,828c739b118e37aabc1ddbe02c6821c4215a36eff567bddbbd60ea58f4e64dca
2025-03-10 15:51:10.937611,2025-03-10 15:51:10.936322,69,qrmNK#BO#izjfkrZ,82fc85174d040412b4cef1b6dcbcc74977205742f87c7b18d7b7bb7aa8133ce1
2025-03-10 15:51:11.943637,2025-03-10 15:51:11.942451,59,F%j#dG$#lVbsU&PqX,88a3bcda6cceef8f9ee1f7a8b07d366ff648894ed6fac3715690ba41a12207ff
2025-03-10 15:51:12.949577,2025-03-10 15:51:12.948365,90,DeD#$s&lawZ,1e816c3270635807df528b765abfaa6b9e88514d2d93a70cffcb88a62ff31736
2025-03-10 15:51:13.955681,2025-03-10 15:51:13.954468,12,GbtHl%laasjb$R$##Mv,b6905649c1fcfe533e15bbddd7492d3f0188f891b2adb5fae126f09d88238c26
2025-03-10 15:51:14.962225,2025-03-10 15:51:14.960967,68,P%VLtlmi#Mk##,dc79c4f8c021feee039b68501b0abaf247a833a1e5f53a66b0ef469e6d75f54a
2025-03-10 15:51:15.965490,2025-03-10 15:51:15.964140,30,PFhNZXUdVToSdGxbI$RU,aba773bae37cd55b54e8ae245c295e8457a9921b68b144452e4224a14c3e3a39
2025-03-10 15:51:16.971304,2025-03-10 15:51:16.970425,43,YxU&q%smUn$$%ytP,3550d7086beed95c3149a0ffa9df7f1b2f58c66d5161f69a394109873a9a55db
2025-03-10 15:51:17.978067,2025-03-10 15:51:17.976912,12,rHj#E$%#&i,1b668f4eef82fac60b09e186be4b7508f40dc719c0d4e5a4391eb7473b2759d5
2025-03-10 15:51:18.985131,2025-03-10 15:51:18.983777,58,a#Y$#%$AzxU,69766cc56ae2bca4746aae7ec65928f4d0da80a33908125daeb807078b1a1c2b
2025-03-10 15:51:19.989186,2025-03-10 15:51:19.987924,42,ruZGSv#$h&$IMY,8987517d024dcb856011aaa11b1f80080b3f8cf154368ed85ba1e2eaf5482b5d
2025-03-10 15:51:20.995674,2025-03-10 15:51:20.994451,60,#%$H#f&&B#,b5891a768928def25e9e6503c6f277954c2ae67e9c85a27ec80cb2b493846ecc
2025-03-10 15:51:22.001505,2025-03-10 15:51:22.000363,42,o%Qc%Pv#$Gw%uT,ba2798d663a4a346d08b9d74e203d8384737f9444238f9905896f384d1d4ce78
2025-03-10 15:51:23.008357,2025-03-10 15:51:23.007066,49,S%#N%J&Hb&Pcj,e84eebcd5b280875e560be5644feb15cbd5c727d14812fd02599a8d3b2844356
2025-03-10 15:51:24.014530,2025-03-10 15:51:24.013321,2,&#Lvq%pf%pnT#k#%d##,9130df1d8de63f996939ee85fbe70ac16f5a3c738b0622effc57d81d469a8b53
2025-03-10 15:51:25.019685,2025-03-10 15:51:25.019320,41,&q&V&RvCf#,a809101b3829c350c3f25c322b8f82d33b9bbf101839ec0ace6d93b5eeee2e00
2025-03-10 15:51:26.023698,2025-03-10 15:51:26.022470,2,e%ib&bXQ&OT&&,4d047ae6bccd5c4172cd2dcfef50f4f35b2bab88e4cd03428609b57bf9442761
2025-03-10 15:51:27.029658,2025-03-10 15:51:27.028323,13,&&Z$&jIid$J,63f5b7644ee34fedc9ac8365987182e8a192fac25bfc78abb5d5daf01fcfed6f
2025-03-10 15:51:28.037042,2025-03-10 15:51:28.035455,71,yxoOZuPlwy#E%#,e711dc7c5420e9c845a5766dc86b2cd0d77d2ad4c1c0b7a28d39b19f49636537
2025-03-10 15:51:29.043626,2025-03-10 15:51:29.042374,32,$%IT#&TumzJC&&$,b659434fa0b800aa0ed08fb77ad7a68c81945f8c8cd607de95265dbd89d5aa3a
2025-03-10 15:51:30.050635,2025-03-10 15:51:30.049304,29,fC$Lg&WxjXK,ad1166abf121cde46878f94e1159d5bbaf569b94b86e05db87970c2e4c4a7664
2025-03-10 15:51:31.057863,2025-03-10 15:51:31.056455,19,##E%bH$%#c%g&%%Z,e9050f039304f315b54574100548ac7ea0830add710a64035e30b4cea7386ea9
2025-03-10 15:51:32.064883,2025-03-10 15:51:32.063681,2,$%uov##OJtjK&#vbCrKk,b2c9a4d14dde73864106b777f3af0a751ce57d330e8f78f4c2c2939183692a0e
2025-03-10 15:51:33.071030,2025-03-10 15:51:33.070335,35,p&ox#%J##u,8e520ba486ca0d2abfa09f91044e936fb8082775aea668c736e3320121e39d4c
2025-03-10 15:51:34.078081,2025-03-10 15:51:34.076617,60,c$#bkeEQJT$&&M,0857b2d6da80e3240ef42ab56b41f652070e9b7b7d45717e24f06b87558f16dd
2025-03-10 15:51:35.081639,2025-03-10 15:51:35.080170,34,M&Yi%##yq%,2ccdd64a891b71c8ab22b87be16507fafebae79b16abe0679a84e40cd4647853
2025-03-10 15:51:36.087587,2025-03-10 15:51:36.086457,57,gBOJ$ERNb$NF$t,54bc44b5824b7b0c06bbaf5193d5e5faedef0bec6cfc30ab6fc63a218454c49b
2025-03-10 15:51:37.093143,2025-03-10 15:51:37.092348,86,Rp$PFGc&&&%%,4921c09dad531edc335cf0cbc18d505687531b0397e82fb1d05f1742482c3069
2025-03-10 15:51:38.099901,2025-03-10 15:51:38.098723,31,ShB$%C%%FgJntC#,9dfb410f21e54c8a0578269c6747cd4bef143c69591244f728e5417a622708ee
